Feature,RF_Importance,F_Score
"('mfcc', 'max.3')",0.009495364414299157,12638.725345863972
"('mfcc', 'median')",0.00843549984844275,8121.401673448964
"('rmse', 'median')",0.0076650183350087395,5431.420764106624
"('mfcc', 'mean')",0.007464579781419576,8023.169248890376
"('mfcc', 'max.2')",0.007462826622510943,5872.188497741626
"('mfcc', 'mean.6')",0.007208819769697798,6942.356561686976
"('mfcc', 'mean.3')",0.006887994381744443,11484.931381164457
"('mfcc', 'mean.7')",0.006859350849555006,9607.82990465346
"('mfcc', 'median.6')",0.006556644527194294,7004.923957922978
"('rmse', 'mean')",0.006463921441304502,5779.738578990688
"('mfcc', 'max.5')",0.006045288937132296,8297.857082083532
"('spectral_centroid', 'max')",0.005983339414834393,2042.803678264052
"('mfcc', 'median.3')",0.005929308258741098,11027.182738632531
"('mfcc', 'median.2')",0.005919740927988143,4494.619896726597
"('mfcc', 'mean.2')",0.005793374051068002,4716.742167681004
"('spectral_contrast', 'mean.2')",0.005667824433416768,6665.525805499838
"('spectral_contrast', 'median.2')",0.0056588677620402865,6808.4821393820575
"('rmse', 'std')",0.005579680202421604,5369.969148170341
"('spectral_contrast', 'mean.3')",0.005475292924018158,6151.857455992259
"('spectral_rolloff', 'median')",0.0053606254894984825,3513.959938223979
"('mfcc', 'max')",0.0053404318505647416,8893.597874254307
"('mfcc', 'max.6')",0.005234602712970414,6189.629920186241
"('spectral_rolloff', 'max')",0.005127599342208083,1278.5041321146755
"('spectral_contrast', 'median.3')",0.004908191248861899,6278.761176200426
"('spectral_centroid', 'median')",0.004850058687041821,2898.603424249858
"('mfcc', 'mean.8')",0.004652091812599173,5384.120234498419
"('spectral_bandwidth', 'max')",0.0046198462538469,1793.0805099530555
"('mfcc', 'median.7')",0.004529503704142215,9691.875631839273
"('mfcc', 'std.5')",0.004525602823482729,3156.1346840133283
"('chroma_cqt', 'max.5')",0.0044963221917255596,8550.86698183707
"('zcr', 'max')",0.004436630360345933,2855.401167416081
"('mfcc', 'std.4')",0.0044126271559181696,4216.932997549003
"('spectral_bandwidth', 'median')",0.004403332503944779,4476.074697633208
"('zcr', 'median')",0.004393443478640682,1293.0609839725664
"('tonnetz', 'std.4')",0.004352347273833233,5617.448533374455
"('chroma_cqt', 'max.6')",0.004343389716054415,11099.851603531251
"('chroma_cqt', 'max.7')",0.004253506742020123,6784.936708242152
"('spectral_contrast', 'std')",0.004247009785099024,772.906619707613
"('mfcc', 'std.1')",0.004220788172672876,3637.8269094006346
"('spectral_contrast', 'median.1')",0.0042161101856209166,4468.266263795434
"('mfcc', 'std.3')",0.004191878477771261,3713.807804136401
"('spectral_centroid', 'mean')",0.0040377369659645515,3419.848395308421
"('spectral_centroid', 'std')",0.0040165812748023414,4119.020447202937
"('spectral_contrast', 'mean.6')",0.004011641822069744,4929.366369770404
"('spectral_contrast', 'max.6')",0.003950812160863689,7190.65454086015
"('spectral_rolloff', 'kurtosis')",0.003944713000991997,1499.6857456793991
"('spectral_rolloff', 'mean')",0.003908549260327183,4061.8605400389742
"('mfcc', 'min.9')",0.003811027814816727,3347.22618638114
"('tonnetz', 'std.3')",0.003796938049150287,4189.009115006111
"('mfcc', 'median.9')",0.0037795132351278486,6374.097121199128
"('spectral_contrast', 'median.6')",0.0036907954445949266,4871.608762430737
"('mfcc', 'median.5')",0.0036549054887069525,7980.839626258407
"('zcr', 'std')",0.0036005467677009896,2922.669851736967
"('spectral_contrast', 'mean.1')",0.003577969604060012,4445.247884177618
"('mfcc', 'median.18')",0.003577428025926564,2405.7535206503712
"('mfcc', 'min.4')",0.0035537501708169704,2971.486633467701
"('spectral_contrast', 'skew.2')",0.00349549528132686,4325.378048120064
"('mfcc', 'mean.18')",0.0034782355546680898,2339.209378411942
"('mfcc', 'median.8')",0.0034768662671870202,5569.10856987707
"('tonnetz', 'std.5')",0.003437872889439653,5208.589215926004
"('tonnetz', 'std')",0.0034316187276354528,4300.178769376175
"('spectral_contrast', 'median.4')",0.0034066403868800543,4258.665601774742
"('spectral_rolloff', 'std')",0.003320282521324178,4325.551012521666
"('spectral_bandwidth', 'std')",0.0032695545925093537,3421.3924490931395
"('spectral_bandwidth', 'mean')",0.003258928879019417,4475.567029979495
"('mfcc', 'mean.5')",0.0031900242762358828,8191.399801649985
"('mfcc', 'skew')",0.0031690436324650468,2359.830902138943
"('mfcc', 'max.4')",0.0031647089715385506,4609.6717641170335
"('zcr', 'mean')",0.0031588519009398217,1561.241529329518
"('spectral_contrast', 'std.2')",0.003148597771714265,1829.707860298856
"('mfcc', 'skew.3')",0.003143504330268439,1712.611730239661
"('spectral_contrast', 'std.3')",0.0030951949431031133,1799.3066321524163
"('tonnetz', 'std.1')",0.003072453921501407,3916.281157195871
"('spectral_rolloff', 'skew')",0.003037901653701194,3932.101308589864
"('mfcc', 'skew.2')",0.0030288267958689576,2537.9471992197737
"('rmse', 'max')",0.0030217383716065844,3767.0466909235743
"('mfcc', 'std.7')",0.0030171063456478887,2644.932469657585
"('mfcc', 'max.18')",0.0030122078387685865,2266.751196952537
"('chroma_cqt', 'max.2')",0.0030058439385792553,7092.17054251998
"('spectral_contrast', 'std.6')",0.0029861186644317256,4730.487366163342
"('mfcc', 'median.19')",0.0029623846639162147,2026.7286269997298
"('spectral_contrast', 'median.5')",0.0029621301587505026,624.362020236577
"('mfcc', 'min')",0.0029597316165576957,2888.898209661544
"('spectral_contrast', 'skew.3')",0.0029255227568251822,3921.997097759147
"('mfcc', 'median.4')",0.00289595175535491,2612.5578740107208
"('mfcc', 'mean.9')",0.0028889962288333555,6160.634897724091
"('mfcc', 'std.8')",0.002877723350295411,2362.8379562755936
"('mfcc', 'kurtosis.3')",0.002864019995366031,548.1942508630444
"('mfcc', 'median.13')",0.0028444052340404554,4996.750957304004
"('mfcc', 'min.6')",0.002803056263875797,3404.7617666576175
"('spectral_contrast', 'mean.4')",0.002792613024040712,3979.0359299001884
"('mfcc', 'max.19')",0.002788571431770527,2281.0737466486567
"('rmse', 'skew')",0.0027796659124161077,1373.1425341475083
"('mfcc', 'median.1')",0.002772611781526394,3326.015887431934
"('mfcc', 'std')",0.002769982649196932,3686.8027433159846
"('mfcc', 'max.7')",0.002710191734252543,6846.622987791469
"('mfcc', 'std.16')",0.002701873874962163,2116.7868728449794
"('mfcc', 'mean.4')",0.0026949008514155375,2543.093739303668
"('mfcc', 'std.6')",0.0026626580565928194,2936.295227389769
"('mfcc', 'std.17')",0.0026597073426272537,2200.533446739788
"('mfcc', 'mean.19')",0.002656105020644054,2034.538841037432
"('zcr', 'kurtosis')",0.002649162640383107,537.1702645495217
"('chroma_cqt', 'std.6')",0.0026319186471937773,2671.3322380754335
"('spectral_centroid', 'skew')",0.0026059218495994995,2690.410320533162
"('mfcc', 'std.13')",0.002584006118871735,2029.785072426765
"('mfcc', 'min.2')",0.0025839434461926974,2765.633356214738
"('mfcc', 'max.1')",0.002567080764027494,1740.6075840650976
"('spectral_centroid', 'kurtosis')",0.002560905592175868,1000.5084230137102
"('chroma_stft', 'std.6')",0.002540120131104174,3498.881180106797
"('mfcc', 'min.3')",0.002537188762491283,3028.7238004500523
"('spectral_contrast', 'mean')",0.002536015291128731,2077.904586275034
"('mfcc', 'skew.4')",0.002528510922231031,1599.0560652047088
"('mfcc', 'skew.1')",0.002514471623239169,3203.340354186719
"('mfcc', 'std.10')",0.002513822718597664,1976.765177509385
"('mfcc', 'min.7')",0.002506390283719284,3003.978360810144
"('chroma_cqt', 'kurtosis')",0.0024793318936146194,14.388357538366924
"('mfcc', 'mean.1')",0.002468783322252298,3280.7077763260786
"('zcr', 'skew')",0.0024634204474639253,1239.7004623641383
"('mfcc', 'mean.14')",0.0024626851411506875,3066.283434818836
"('spectral_contrast', 'skew.5')",0.002441610383373911,1836.8922292347565
"('mfcc', 'skew.6')",0.0024155853210616946,2132.977572692645
"('chroma_cens', 'skew.6')",0.002409769716875301,4797.275393132639
"('spectral_bandwidth', 'skew')",0.0024023586519486963,3772.6017115120085
"('mfcc', 'mean.13')",0.002402350527946648,4774.702586560806
"('spectral_contrast', 'skew.1')",0.002389543744789116,2651.5067451847326
"('tonnetz', 'kurtosis.2')",0.0023838144318165146,2089.1737881191525
"('spectral_contrast', 'skew.4')",0.0023668851427800404,3252.952830724742
"('mfcc', 'std.15')",0.00236399028908282,2006.7691101859955
"('spectral_contrast', 'skew.6')",0.0023396533798700106,1197.1543068825256
"('mfcc', 'std.18')",0.0023300870886882497,2028.8407809878584
"('mfcc', 'mean.10')",0.002328211545811359,4203.221712954537
"('mfcc', 'std.12')",0.0023188533200564345,1902.0336116204182
"('spectral_contrast', 'kurtosis.2')",0.0023104594866213677,1957.189113593012
"('tonnetz', 'std.2')",0.0023082829687877606,4655.974494555076
"('mfcc', 'kurtosis')",0.002287234506911826,187.39882028908792
"('spectral_contrast', 'std.5')",0.0022821083428970447,1596.1913809152002
"('chroma_stft', 'skew')",0.0022778066260329796,2997.3115896491236
"('mfcc', 'kurtosis.18')",0.0022633161691692823,1109.0981057247789
"('mfcc', 'median.14')",0.0022456140211926283,3084.3986455007393
"('spectral_contrast', 'kurtosis.3')",0.002234869038663897,1633.0659337801092
"('mfcc', 'std.19')",0.0022230271830435367,1779.1480551096406
"('spectral_contrast', 'mean.5')",0.0022214059682736016,571.4637556423878
"('mfcc', 'kurtosis.1')",0.002209350753836929,1448.6501544737885
"('mfcc', 'median.11')",0.0021986290284659493,5257.429293450914
"('chroma_cens', 'max.6')",0.002185276945482433,4465.472713751045
"('mfcc', 'min.18')",0.0021689394554638202,2352.852403228373
"('spectral_contrast', 'median')",0.0021681501197283104,2084.0460225092957
"('mfcc', 'median.16')",0.0021677263657387973,824.0555361712709
"('spectral_contrast', 'max')",0.0021562399439458715,985.4950952973433
"('mfcc', 'std.14')",0.0021478736190295262,2043.639248470311
"('spectral_contrast', 'kurtosis.5')",0.0021407555953263887,908.9171917851666
"('spectral_contrast', 'kurtosis.1')",0.002137561889535512,1760.7763584433171
"('spectral_centroid', 'min')",0.002129084109845874,898.6366783220413
"('spectral_contrast', 'kurtosis')",0.0021070301078378777,1368.0616404442908
"('mfcc', 'mean.16')",0.0021062237300765595,756.4790672906715
"('mfcc', 'skew.19')",0.002096981781998118,1523.3171330235416
"('mfcc', 'std.9')",0.00208344029425228,2792.3886234021156
"('mfcc', 'min.1')",0.002067938252249265,3322.6329437859754
"('mfcc', 'max.14')",0.002061497605619134,2331.4121067954143
"('tonnetz', 'median.4')",0.0020587771830891896,1621.0392682200606
"('chroma_cqt', 'mean.6')",0.0020573458640966388,2890.966958123204
"('spectral_contrast', 'std.4')",0.0020260938542222555,2025.2657329524973
"('chroma_stft', 'skew.1')",0.0020250696087583207,3556.769478850274
"('mfcc', 'mean.17')",0.002022520121332494,2479.7214415511135
"('mfcc', 'kurtosis.2')",0.0020192754422563254,787.3065482360041
"('mfcc', 'median.15')",0.002017737514198652,2729.1790934314135
"('mfcc', 'max.13')",0.0019853971373741956,2666.2680294811416
"('chroma_stft', 'max.6')",0.0019846331842567726,5182.752278863159
"('mfcc', 'median.17')",0.001984149359314951,2589.1807472606642
"('rmse', 'min')",0.001979858105799827,36.1675382579315
"('mfcc', 'max.8')",0.001976467924863694,3898.9324074735405
"('chroma_stft', 'median')",0.0019722330220237724,4366.213799166339
"('rmse', 'kurtosis')",0.0019648201633115712,335.88114146904593
"('mfcc', 'max.17')",0.0019503892966520869,2453.078080561865
"('mfcc', 'std.11')",0.0019418621192494807,1909.9944406939303
"('zcr', 'min')",0.0019315952930620312,1751.8338910081618
"('mfcc', 'mean.11')",0.0019310475645992206,5044.53976174935
"('mfcc', 'min.10')",0.0019248081215241966,2164.926158728707
"('chroma_stft', 'median.11')",0.00191140513172427,4149.83200878088
"('spectral_bandwidth', 'kurtosis')",0.001910644544030319,1587.371407690119
"('mfcc', 'skew.9')",0.0019024921514720172,2291.7529173246853
"('chroma_stft', 'kurtosis.1')",0.001882188245241578,25.432843603271287
"('spectral_bandwidth', 'min')",0.0018813825369468301,544.7719241265789
"('chroma_stft', 'median.1')",0.0018566377228654565,4547.830961089375
"('mfcc', 'mean.15')",0.0018509201168948203,2589.117065836412
"('mfcc', 'median.10')",0.001839317325636501,4348.070619199626
"('spectral_contrast', 'std.1')",0.0018385618617349476,1994.7921431512018
"('chroma_cqt', 'max.11')",0.0018340694351580708,4837.053517781992
"('mfcc', 'min.8')",0.0018268240304288386,2699.1787515861133
"('chroma_cqt', 'std.8')",0.0018246305415198056,1264.513162699752
"('chroma_cqt', 'std.5')",0.0018218853106769183,1986.7284219339738
"('chroma_stft', 'median.6')",0.0018091814846889042,4919.223532825997
"('tonnetz', 'mean.1')",0.0018028523713132126,1158.0163152004484
"('spectral_contrast', 'kurtosis.6')",0.0017978575350447211,2321.265412993728
"('mfcc', 'max.16')",0.001787070829133355,2231.5048289775946
"('chroma_stft', 'max')",0.00178256587227514,4739.234303339225
"('chroma_stft', 'max.2')",0.001780313814291276,5178.908508311148
"('chroma_stft', 'std.5')",0.0017674361232966492,1845.329782018076
"('mfcc', 'kurtosis.16')",0.00176592010089023,825.8122142027698
"('chroma_stft', 'kurtosis')",0.0017516440485016082,12.471499081556463
"('mfcc', 'max.15')",0.0017509274406112291,2350.343119530199
"('chroma_stft', 'median.2')",0.0017412707473527522,3945.7737833752913
"('mfcc', 'kurtosis.19')",0.0017393510713284257,1018.2400868529661
"('mfcc', 'mean.12')",0.001721242146478132,2981.526447067915
"('spectral_contrast', 'min.4')",0.001716586618719454,1795.1740534469886
"('spectral_contrast', 'max.2')",0.0017122624391365554,2221.8824785667216
"('spectral_contrast', 'min.6')",0.001707271633431285,259.8511595427364
"('chroma_stft', 'min.2')",0.0017065601126044416,568.884218658573
"('chroma_stft', 'median.10')",0.0017049299340354074,4172.394237503284
"('chroma_cens', 'std.2')",0.0016967790895203163,2087.754733044153
"('mfcc', 'std.2')",0.0016910477604253952,1603.5494925417654
"('mfcc', 'min.19')",0.001686418845794786,1771.8507334162773
"('chroma_cens', 'max.4')",0.001682506903333634,1259.3425641452286
"('mfcc', 'kurtosis.4')",0.0016663704071946046,517.9360813978884
"('mfcc', 'kurtosis.17')",0.0016650683438102457,1021.0177348922733
"('chroma_stft', 'min.9')",0.0016578413419730505,420.28537843682636
"('chroma_stft', 'kurtosis.5')",0.0016303461056236723,68.4665958191427
"('chroma_stft', 'median.7')",0.001630067631279345,4156.880640477648
"('chroma_cens', 'mean.6')",0.001619261352741677,2428.243471830728
"('chroma_cens', 'max.2')",0.001617757368380147,1505.739381985188
"('mfcc', 'max.10')",0.0016173981143285767,3156.291945257004
"('tonnetz', 'max.5')",0.0016114872671818342,1545.0207457130732
"('chroma_stft', 'skew.8')",0.001605270920530486,3146.0505379713386
"('spectral_contrast', 'min.3')",0.0016005884222041564,2028.3341652038212
"('spectral_contrast', 'skew')",0.001593044413949788,1849.962990712517
"('chroma_stft', 'std.10')",0.0015929485609163605,3372.9522245551047
"('mfcc', 'skew.7')",0.0015848844232614612,1722.7154044996237
"('spectral_contrast', 'min.1')",0.0015846872422605033,2893.0061522472374
"('chroma_cqt', 'std.11')",0.0015790506014548198,817.5647387199094
"('spectral_rolloff', 'min')",0.001578664411865975,808.9539043549971
"('mfcc', 'skew.11')",0.0015777561028793602,1430.8621638103075
"('chroma_stft', 'skew.11')",0.0015746970942302294,2864.8158605934673
"('mfcc', 'max.12')",0.0015746724285952652,2296.4294485405894
"('mfcc', 'kurtosis.5')",0.0015730679430441886,724.0947107107515
"('mfcc', 'median.12')",0.0015726772759937092,3090.284686771066
"('chroma_cens', 'max.5')",0.0015656219558566721,2202.6479112402258
"('chroma_cens', 'std.9')",0.0015584281729817734,2456.2904728194644
"('tonnetz', 'skew.1')",0.0015547113816556696,986.5872224812684
"('chroma_stft', 'kurtosis.10')",0.001553238069496268,9.640885912477172
"('chroma_stft', 'min')",0.001537595390436451,471.58642505029826
"('mfcc', 'max.11')",0.0015362447849235172,3011.2694323664923
"('chroma_cqt', 'std.3')",0.001532367802497726,1665.997707250239
"('chroma_cqt', 'mean.2')",0.001531173725134391,1403.5917309739182
"('tonnetz', 'min.3')",0.0015278916990164194,2658.608220920291
"('mfcc', 'min.5')",0.0015232031379598242,2275.8777343338365
"('chroma_stft', 'median.4')",0.0015226153245405194,4361.5058965066855
"('chroma_cens', 'max.3')",0.0015208794799080963,1941.78421471182
"('chroma_cqt', 'std.2')",0.0015183112223440618,1856.6352865584267
"('tonnetz', 'min.1')",0.0015176811107740099,1414.3109612333833
"('chroma_stft', 'skew.10')",0.0015059667652134645,2496.915033914488
"('spectral_contrast', 'max.5')",0.0015059166898802078,1498.9005435997585
"('chroma_stft', 'std.1')",0.0015056334593444983,1558.077398809177
"('mfcc', 'max.9')",0.0015013434273679412,4463.014023537632
"('chroma_cens', 'std.6')",0.0014998320282324092,1915.0721106412623
"('spectral_contrast', 'kurtosis.4')",0.0014938782015321054,984.9342513156167
"('chroma_stft', 'median.8')",0.0014903831378993836,4055.8209875634925
"('tonnetz', 'mean.4')",0.0014884350319342968,1575.8822909627095
"('chroma_cqt', 'std')",0.001487811091224895,807.9881846498466
"('tonnetz', 'max.1')",0.001476706607049159,1153.7177373214804
"('tonnetz', 'max.4')",0.0014643680411652784,1604.0917667735448
"('chroma_cens', 'max.10')",0.0014640799891946499,1720.9733911754054
"('spectral_contrast', 'max.3')",0.0014635670627280398,1666.2698866943413
"('chroma_cens', 'std.5')",0.0014631726643329764,1721.5121841793919
"('chroma_stft', 'skew.2')",0.0014582875057130842,2786.0147199998346
"('chroma_cqt', 'std.4')",0.0014546013473597363,1037.7526970306724
"('spectral_contrast', 'min.2')",0.0014533921770472687,2542.820215606801
"('chroma_stft', 'median.5')",0.0014469105201088666,4401.7326585341
"('chroma_cens', 'max.11')",0.0014446164714428508,1565.3780914896302
"('mfcc', 'min.14')",0.0014420934724849515,2382.2987032745564
"('mfcc', 'kurtosis.13')",0.001438600989165166,706.202731559522
"('chroma_stft', 'mean.11')",0.0014309468713627628,3674.8750533712514
"('mfcc', 'skew.8')",0.0014269079520336763,1275.0404892937433
"('tonnetz', 'kurtosis.1')",0.001426549558789041,368.14133623407463
"('chroma_cqt', 'kurtosis.9')",0.0014243894899253048,161.30771347314024
"('tonnetz', 'min.5')",0.0014243427018852987,1805.2863779706477
"('tonnetz', 'median.1')",0.0014206095092325211,1160.2733228032266
"('chroma_cens', 'kurtosis.6')",0.0014114426284349772,4899.345769557832
"('chroma_stft', 'mean.1')",0.001402548153779039,4305.60362282552
"('mfcc', 'kurtosis.12')",0.0014013659660992888,474.2263602612972
"('chroma_stft', 'kurtosis.8')",0.0013983594439954939,120.3817246801933
"('chroma_cens', 'kurtosis.10')",0.0013949198276357125,14.931620319550403
"('chroma_cens', 'max.1')",0.0013897263012579483,1533.2369756777146
"('mfcc', 'kurtosis.14')",0.0013886340947133686,684.7381066323944
"('mfcc', 'skew.5')",0.0013885219667652104,1153.450250169773
"('chroma_cens', 'max.8')",0.0013806516039076202,1242.5681273406842
"('chroma_stft', 'mean.5')",0.0013792775294212752,3904.394880485084
"('mfcc', 'skew.12')",0.0013772895550704725,557.3941570359657
"('mfcc', 'min.12')",0.0013753369766475957,2043.376397534804
"('chroma_stft', 'mean.10')",0.0013731662750998226,3492.217849930239
"('spectral_contrast', 'min')",0.0013719816817509955,1144.742848980711
"('mfcc', 'min.11')",0.0013709541532490378,1948.2081566192992
"('chroma_stft', 'std.11')",0.0013702943711603425,1151.6140099083673
"('tonnetz', 'min.4')",0.0013672588210924472,1861.0879721317626
"('chroma_cens', 'max.7')",0.0013643854595485902,2263.426492133832
"('chroma_cens', 'std.3')",0.001363989195814082,1723.0928147995483
"('tonnetz', 'kurtosis.3')",0.0013631127604160423,1590.0314169272083
"('chroma_cens', 'std')",0.0013626188120981946,2244.6674480395345
"('chroma_stft', 'mean')",0.0013589214382638418,3745.135205793964
"('chroma_stft', 'skew.6')",0.001354358078878728,3811.8582853326006
"('mfcc', 'skew.18')",0.0013533458245726018,924.5707447860447
"('mfcc', 'kurtosis.6')",0.0013458663925866993,315.43356383088894
"('chroma_stft', 'skew.3')",0.0013457100988772052,3573.7885817339175
"('mfcc', 'skew.15')",0.001344815017087677,928.8307720949092
"('chroma_stft', 'median.3')",0.0013433895283538361,4383.156485917309
"('mfcc', 'min.16')",0.0013320265013995456,1485.3826565567429
"('tonnetz', 'kurtosis.4')",0.0013298068224854504,905.1997458599619
"('chroma_stft', 'mean.8')",0.0013271783938120765,3561.5679555184456
"('tonnetz', 'kurtosis.5')",0.001326118284248557,645.917417909159
"('chroma_stft', 'kurtosis.6')",0.0013215393509118099,129.72848933805037
"('chroma_cqt', 'min.5')",0.0013167291917800406,869.0619339947498
"('chroma_cqt', 'std.10')",0.001313306198043676,1852.5086686916484
"('chroma_cqt', 'kurtosis.6')",0.0013131997188700064,1362.1430430965177
"('tonnetz', 'max')",0.0013107417630833398,1626.257460576436
"('chroma_stft', 'median.9')",0.0013001582605555342,3582.613943584303
"('chroma_cens', 'std.8')",0.0012882273849210138,1666.6576833250783
"('chroma_cqt', 'std.9')",0.0012861580567642339,1457.4608208197467
"('tonnetz', 'min')",0.0012822822026826086,1342.9451016646801
"('mfcc', 'skew.14')",0.0012820299615488358,738.5311000037862
"('chroma_stft', 'std.8')",0.001279955541168723,577.6122141546347
"('chroma_stft', 'std.3')",0.0012785309645346502,1093.6237038977556
"('chroma_stft', 'std')",0.0012771474567106153,1086.3033008835043
"('tonnetz', 'min.2')",0.001275694009588399,2231.3390346749575
"('chroma_cens', 'skew.3')",0.0012739400824108857,379.1209194938182
"('chroma_stft', 'min.8')",0.0012718224995227725,482.1001237374218
"('spectral_contrast', 'max.4')",0.0012714903677800307,1454.2671958759047
"('chroma_stft', 'skew.5')",0.0012669301649188116,3114.396801310704
"('chroma_cens', 'std.11')",0.0012642701415754656,1510.4033523971627
"('chroma_cens', 'std.10')",0.0012601894913248743,1806.0416762008367
"('chroma_cqt', 'std.1')",0.0012582168612598772,1738.3206853792567
"('mfcc', 'kurtosis.15')",0.0012563695464237168,845.6987692407912
"('chroma_cens', 'skew.7')",0.0012561229761347032,965.3427148333501
"('chroma_cens', 'std.4')",0.0012545943580897936,2025.4140972677963
"('chroma_stft', 'kurtosis.11')",0.001253970357509725,13.172464177968546
"('chroma_cens', 'max.9')",0.0012538924466612032,1325.4003519943924
"('tonnetz', 'median')",0.0012497633753635914,830.7895030228633
"('mfcc', 'skew.13')",0.001249417941848598,1069.7970483375
"('chroma_cqt', 'kurtosis.3')",0.0012485664267205176,337.2080080363341
"('mfcc', 'skew.10')",0.0012471615711622543,828.9040882851866
"('chroma_stft', 'std.9')",0.0012466187700149113,675.6927447946574
"('chroma_cqt', 'kurtosis.2')",0.001245372074254281,53.061558691185894
"('chroma_cens', 'kurtosis.9')",0.0012452492079638436,45.46799912054354
"('chroma_cens', 'std.1')",0.0012413616625252997,2134.2968661754007
"('chroma_cens', 'max')",0.0012410839572701872,1087.079486193484
"('chroma_stft', 'mean.2')",0.0012349993551475642,3447.4260871947777
"('spectral_contrast', 'min.5')",0.001227368540208915,933.2304905948736
"('chroma_stft', 'min.7')",0.0012238042789477802,528.5562601767629
"('chroma_stft', 'mean.6')",0.0012230210728412215,4771.810336944596
"('chroma_cqt', 'std.7')",0.001219701728372279,1750.7100309812593
"('chroma_cqt', 'kurtosis.7')",0.00121187866892893,14.175795834359109
"('chroma_stft', 'skew.4')",0.0012065961231824836,3363.503141167428
"('tonnetz', 'max.2')",0.0012018106627449223,1768.6356718334323
"('chroma_stft', 'std.7')",0.0012010631338665368,2057.282116426224
"('mfcc', 'kurtosis.11')",0.0011969273604356993,522.0765629822
"('chroma_cqt', 'kurtosis.8')",0.0011948162003223499,73.6481909043326
"('chroma_stft', 'mean.3')",0.0011850206260991013,3844.911406376644
"('mfcc', 'min.13')",0.001183670723466441,2119.3505923479024
"('tonnetz', 'max.3')",0.0011817365616511185,1599.8388942705508
"('mfcc', 'min.17')",0.00117036036910017,1473.3007345828803
"('mfcc', 'min.15')",0.0011695030615303569,1637.0790202159308
"('chroma_stft', 'mean.4')",0.0011614941015145237,3938.6104114343834
"('chroma_stft', 'std.2')",0.001156755989220521,2489.0499702310613
"('chroma_cqt', 'kurtosis.5')",0.0011534527494407875,267.8219718138663
"('mfcc', 'skew.17')",0.0011438058168227988,894.9656325026571
"('chroma_cens', 'std.7')",0.0011393802050390606,1620.8672323744577
"('chroma_cqt', 'min.7')",0.0011332095712333493,679.0041707038287
"('chroma_cens', 'kurtosis.11')",0.0011296909379194552,44.236099831531334
"('chroma_cqt', 'min.10')",0.0011216346419576616,930.4381178796898
"('tonnetz', 'mean')",0.0011201574326379776,806.7920529330756
"('spectral_contrast', 'max.1')",0.001119764192735181,1662.759192537803
"('tonnetz', 'kurtosis')",0.0011194441848182842,242.4635662345674
"('tonnetz', 'skew.5')",0.0011149811732335572,1475.557173339437
"('chroma_cqt', 'median.7')",0.0011145102585106005,1632.4499417970753
"('chroma_stft', 'min.11')",0.0011047262096192127,511.4135719078494
"('chroma_cens', 'kurtosis.1')",0.0011015939490037862,43.700403130323
"('chroma_stft', 'std.4')",0.0011006549579909333,469.9965646968141
"('chroma_cens', 'mean.2')",0.0010957847189239855,560.9765436123603
"('chroma_stft', 'min.5')",0.0010899831998350553,657.7512278523371
"('tonnetz', 'mean.5')",0.0010860730370201171,470.46657589386575
"('chroma_cqt', 'kurtosis.4')",0.0010831373117063158,134.53297712393137
"('chroma_cens', 'kurtosis')",0.0010829641795110927,60.91467533042051
"('chroma_stft', 'min.3')",0.0010816864562738498,685.0414563746282
"('chroma_cens', 'median.10')",0.001076426221909374,630.8621074309422
"('chroma_cqt', 'mean')",0.0010747986283454465,1197.4829387272046
"('mfcc', 'kurtosis.10')",0.001072793868729994,205.66131429035886
"('chroma_cens', 'median.6')",0.0010684605799040827,2154.7262186301505
"('mfcc', 'kurtosis.8')",0.0010645001136218334,257.2890279873785
"('chroma_cqt', 'kurtosis.11')",0.0010575634458464085,9.109322474993165
"('chroma_stft', 'skew.7')",0.001057190954513811,2925.2022221207903
"('mfcc', 'skew.16')",0.0010571200955225948,1080.9591392694315
"('chroma_cens', 'skew.8')",0.0010559195182023506,309.3365853086772
"('chroma_cens', 'kurtosis.3')",0.0010518647150708237,216.12150790946987
"('chroma_stft', 'mean.7')",0.001049284942954853,3527.8291611150094
"('mfcc', 'kurtosis.9')",0.0010492057682203034,306.94367053472484
"('tonnetz', 'median.5')",0.0010460671946209551,532.6057072756215
"('chroma_cqt', 'kurtosis.10')",0.0010418412046250061,8.433222288614628
"('chroma_stft', 'kurtosis.7')",0.0010415928918023672,79.09569871182764
"('chroma_cqt', 'skew')",0.0010401708291161345,1186.9350318457703
"('mfcc', 'kurtosis.7')",0.0010378330444944267,190.831449500525
"('chroma_cqt', 'max')",0.0010365129121961932,1299.7176703299674
"('tonnetz', 'skew')",0.0010360458443650475,417.60938416505155
"('chroma_cens', 'skew.5')",0.0010333845132810993,791.0149107923958
"('tonnetz', 'median.3')",0.0010295541473093232,1351.8366074111445
"('chroma_stft', 'kurtosis.4')",0.0010293296911490122,122.98831984730629
"('chroma_stft', 'kurtosis.3')",0.0010274180062360835,380.0360772010488
"('chroma_cens', 'median.2')",0.0010253889509237225,616.67513490693
"('chroma_stft', 'min.1')",0.0010205463651834568,567.6621143289302
"('chroma_cens', 'kurtosis.5')",0.0010151153344310276,317.2292904894895
"('chroma_cqt', 'min.11')",0.0010106351450081905,700.3605487321089
"('chroma_cens', 'median.5')",0.0010106254142893975,1456.5629848148444
"('chroma_stft', 'kurtosis.9')",0.001004592033433515,15.977497376565587
"('chroma_cqt', 'skew.7')",0.001004429844130434,863.5330634911516
"('chroma_stft', 'skew.9')",0.001004405459816945,2507.3514493892458
"('chroma_cens', 'kurtosis.8')",0.0010028369355656827,296.13855334975335
"('chroma_cqt', 'mean.8')",0.0010014939343000475,973.3064963843701
"('chroma_stft', 'min.6')",0.0010012228150099577,493.76296825024605
"('chroma_cqt', 'mean.1')",0.000997617434626721,1099.7158307132881
"('chroma_cqt', 'max.10')",0.0009973493221828269,3322.0549141411257
"('tonnetz', 'median.2')",0.000996103647244042,1071.6265760650608
"('chroma_cqt', 'kurtosis.1')",0.0009947984433150427,7.265131126027569
"('chroma_stft', 'kurtosis.2')",0.0009929597813656903,239.42447146778017
"('chroma_cqt', 'min.9')",0.0009925296082634806,660.9550682798981
"('chroma_cqt', 'median.10')",0.0009909163000313356,1176.4820232455618
"('tonnetz', 'skew.4')",0.000986204722610979,375.61566975397346
"('chroma_cqt', 'min.8')",0.000985279408556539,668.8361162227835
"('chroma_cens', 'kurtosis.2')",0.0009760049217240707,78.9828023176286
"('chroma_stft', 'min.4')",0.000972859920559677,575.725420558064
"('chroma_cens', 'kurtosis.7')",0.0009722455826111316,301.7532687751997
"('chroma_cens', 'skew.9')",0.0009722050178108742,404.21350731619117
"('chroma_cqt', 'min.6')",0.000964967180330017,765.6428319551918
"('chroma_cens', 'skew.1')",0.0009647931317466503,367.91207161297086
"('chroma_cqt', 'min.4')",0.0009617083946468258,758.7851042081528
"('chroma_cens', 'median.7')",0.0009599150890604347,1016.4729952372726
"('chroma_cens', 'skew.10')",0.0009586039121966986,310.2974045367396
"('chroma_stft', 'min.10')",0.0009580236855012816,374.6535111122503
"('chroma_cqt', 'skew.6')",0.000956577574757677,1161.3094751460635
"('chroma_cqt', 'mean.10')",0.0009543037875343803,1187.959517063578
"('chroma_cqt', 'max.3')",0.0009526512330860681,3105.5866021638203
"('chroma_cqt', 'min.1')",0.0009516151733761353,800.5985567547928
"('chroma_cens', 'mean.3')",0.0009487223476397724,520.2795720658142
"('chroma_cens', 'median.3')",0.0009462023738937728,585.9842546424649
"('chroma_cqt', 'skew.2')",0.0009460179494869217,714.6403057050762
"('chroma_cens', 'median.8')",0.0009421562213784811,309.08866573473586
"('chroma_cens', 'kurtosis.4')",0.0009416646868033351,279.46791519310045
"('tonnetz', 'skew.2')",0.0009409693538929099,126.81936248765088
"('chroma_cens', 'skew.2')",0.0009391841796053993,417.4401355783581
"('chroma_cens', 'mean.10')",0.0009312616442879724,534.3738061458191
"('chroma_cqt', 'median.3')",0.0009283623265753369,1277.8959805877118
"('chroma_cqt', 'skew.3')",0.0009283339313881921,712.4045807616341
"('chroma_cens', 'skew.4')",0.0009268160491301286,323.1665287603426
"('chroma_stft', 'mean.9')",0.0009253989883323594,3040.1903325248127
"('chroma_cens', 'mean.8')",0.0009247167891043871,332.6616591234404
"('chroma_cqt', 'median.4')",0.0009242247461387067,1170.4877915348604
"('chroma_cqt', 'skew.10')",0.0009232267304783765,504.04274936711346
"('chroma_cqt', 'median.2')",0.000922757351178426,1073.1846088601837
"('chroma_cens', 'median.4')",0.0009207835465112043,566.7671673895163
"('chroma_cqt', 'min')",0.0009194635463641194,846.2475592869124
"('tonnetz', 'mean.3')",0.0009147717508203641,1293.3158847002508
"('chroma_cqt', 'median.11')",0.0009142761180268246,1000.4112600712699
"('chroma_cqt', 'skew.11')",0.0009141733320828814,489.91751087948234
"('chroma_cqt', 'median.6')",0.0009110336188143918,2000.3974125893133
"('chroma_cqt', 'skew.1')",0.00091102462343254,802.7837826640329
"('chroma_cqt', 'mean.11')",0.0009101008223921351,1147.9766362210048
"('chroma_cqt', 'mean.4')",0.0009066626989301479,1269.3568117893608
"('chroma_stft', 'max.10')",0.0008924118067612933,4114.655771466915
"('chroma_cqt', 'median.1')",0.0008905956754152275,1018.9321569921071
"('chroma_cqt', 'skew.9')",0.0008875752095309275,496.78806917799733
"('chroma_cens', 'median')",0.0008857777131311298,749.6550400207236
"('chroma_cqt', 'min.2')",0.0008823434369252736,761.3522255812194
"('chroma_cens', 'median.11')",0.0008815706223640758,439.99802078774127
"('chroma_cens', 'median.9')",0.0008815699760910761,481.29713508394514
"('chroma_cqt', 'median')",0.0008784992358872534,1236.1679303714764
"('chroma_cqt', 'skew.5')",0.0008784040074272359,899.697567432409
"('chroma_cqt', 'mean.3')",0.000877700810139356,1499.6458944233382
"('tonnetz', 'skew.3')",0.0008720200119110695,263.62991283716855
"('chroma_cens', 'mean.4')",0.0008701822179019839,568.0326136955691
"('chroma_cqt', 'min.3')",0.0008643305561713093,742.8691702069225
"('chroma_cqt', 'mean.7')",0.0008643240493529946,1847.372083581145
"('chroma_cens', 'skew.11')",0.0008584863675438347,507.38545149222665
"('chroma_cens', 'mean.5')",0.0008584140912799289,1417.4006945776864
"('tonnetz', 'mean.2')",0.0008543307308337232,940.3356616577587
"('chroma_cqt', 'median.8')",0.0008520006964375163,889.8758973678015
"('chroma_cqt', 'mean.5')",0.0008503291846249381,2074.5950800749656
"('chroma_cens', 'mean')",0.0008503073222746836,635.296195569688
"('chroma_cqt', 'skew.4')",0.0008499303386803525,830.5636501486564
"('chroma_cqt', 'skew.8')",0.0008466308512963478,697.7808505974292
"('chroma_cens', 'skew')",0.0008370094808763587,375.54278509973176
"('chroma_cens', 'mean.11')",0.0008367337813391285,556.4260328477304
"('chroma_cqt', 'median.5')",0.000835631841372452,1629.4817602898063
"('chroma_cens', 'mean.7')",0.0008223010451309742,1030.4275030024662
"('chroma_cens', 'mean.1')",0.0008148845130377413,517.0385898948111
"('chroma_cqt', 'mean.9')",0.0008124348840481137,617.7448324935498
"('chroma_cens', 'median.1')",0.0008086432209885995,382.68731606505946
"('chroma_cqt', 'median.9')",0.0007997423531069241,615.6514331597976
"('chroma_cens', 'mean.9')",0.0007918325313069288,453.91908529067285
"('chroma_cens', 'min.6')",0.0006819451433437939,446.06617211305235
"('chroma_stft', 'max.5')",0.0006789210489414704,2985.753886360829
"('chroma_cens', 'min.10')",0.0006321253203612137,1465.578218914326
"('chroma_cens', 'min.7')",0.0006194455934916847,464.30235311222054
"('chroma_cens', 'min.8')",0.0006128719504311465,448.95642947228106
"('chroma_cens', 'min.11')",0.0005970681886990684,331.5041270729956
"('chroma_cens', 'min.2')",0.0005872022661850483,432.33634323014815
"('chroma_cens', 'min.1')",0.0005420325321615755,457.7118046471176
"('chroma_cqt', 'max.8')",0.0004935084454068825,2194.730192790429
"('chroma_cens', 'min.5')",0.00043050465512302154,466.94935883041023
"('chroma_cens', 'min')",0.00041706500752850326,528.8652478400045
"('chroma_cens', 'min.9')",0.0004049713812086946,342.7880924685841
"('chroma_cens', 'min.3')",0.00038978941369807924,493.6333419817335
"('chroma_cens', 'min.4')",0.0003787163331450727,410.6029872108537
"('chroma_cqt', 'max.4')",0.00031688271619162786,1584.441760423358
"('chroma_stft', 'max.7')",0.00022572784756559903,5139.744267134419
"('chroma_cqt', 'max.9')",4.895516693993675e-05,94.58980377125431
"('chroma_cqt', 'max.1')",3.890078387832993e-05,-21.16450511144846
"('chroma_stft', 'max.1')",1.1517196860172749e-05,122.10958753659222
"('chroma_stft', 'max.8')",1.0721150680997196e-05,85.6523425786768
"('chroma_stft', 'max.3')",6.430674850547301e-06,0.6885829230108464
"('chroma_stft', 'max.4')",4.016967162788493e-06,-47.19397477305155
"('chroma_stft', 'max.11')",3.410265975927883e-06,142.38814914121411
"('chroma_stft', 'max.9')",1.7952825802806545e-06,19.61662299550518
